target,model,MAPE,MAE,RMSE,R2
purchase_bid,hist_gbrt,5.390626328208501,1399.6751324091176,3177.175523831662,0.8362773889336189
purchase_bid,seasonal_naive,15.520074159150814,3294.8494047619047,5542.464111174805,0.5017675325000697
sell_bid,hist_gbrt,16.80900486167407,696.3691004661086,860.5236823804066,0.9979020185856062
sell_bid,seasonal_naive,19.43687976939101,1483.1223214285715,2080.6694086221846,0.9877345878446
